username,job
johndoe78,Engineer
janedoe92,Teacher
mikesmith45,Doctor
sarahbrown17,Designer
davidlee31,Developer
emilywang59,Manager
alexjohnson81,Writer
laurasmith12,Artist
robertgreen37,Nurse
amandajones64,Scientist
chriswilson53,Programmer
mariagarcia27,Architect
kevinmiller88,Musician
lisawilliams41,Chef
brianclark73,Marketing Specialist
ashleyrodriguez20,Accountant
markthompson49,Photographer
samuelwhite96,Lawyer
jenniferhill22,Pilot
adamscott19,Consultant
rachelturner55,Farmer
michaelroberts68,Librarian
susanwalker33,Electrician
petermoore84,Police Officer
laurenstewart75,Firefighter
josephhall50,Real Estate Agent
danielcarter91,Flight Attendant
olivertaylor14,Psychologist
jessicabrown58,Social Worker
matthewyoung36,Journalist
melissamartin70,Dentist
ericthomas87,Veterinarian
karenrobinson29,Barista
patrickharris63,Graphic Designer
monicagomez15,Professor
scottadams71,Pharmacist
michellegreen83,Plumber
ryanbaker47,Electrician
gregoryrogers57,Construction Worker
ameliawright24,IT Support Specialist
christopherward09,Web Developer
ashleymitchell76,Software Engineer
danieljames94,Data Analyst
samuelhernandez38,Systems Administrator
natashawilson65,HR Manager
richardrobinson80,Executive Assistant
tiffanynguyen42,Financial Analyst
michaelrobertson48,Operations Manager
andrewhoward61,Project Manager
victoriawright23,Business Analyst
williamthompson67,Entrepreneur
sophiamorgan79,Product Manager
jasonstewart93,Executive Chef
meganparker26,Event Planner
jacksoncampbell85,Interior Designer
kellyyoung74,Fashion Designer
christophercook43,Biologist
katherinehill32,Chemist
georgeperez18,Astronomer
amandajenkins82,Geologist
jamesking98,Mathematician
rachelharris11,Economist
davidlee94,Statistician
emilymartin21,Physicist
adamsmith08,Historian
laurawoodward52,Archaeologist
johnanderson72,Anthropologist
lisamiller44,Sociologist
josephmoore66,Political Scientist
michaelturner30,Philosopher
emilydavis28,Theologian
charlesbaker16,Translator
samanthawright46,Linguist
robertjames25,Editor
emilyjohnson03,Proofreader
danielwilson60,Copywriter
amycampbell97,Technical Writer
peterroberts07,Content Strategist
lindajones95,Blogger
ryanmartinez62,Vlogger
jessicathompson86,Podcaster
chriscollins99,Actor
sarahwhite13,Dancer
jasonrodriguez39,Singer
elizabethhill77,Music Producer
nathanrobertson05,DJ
ashleygarcia83,Composer
danielcruz70,Model
samanthasmith08,Stylist
michelleross91,Makeup Artist
jenniferharris54,Personal Trainer
matthewwilson19,Yoga Instructor
kellymartin84,Pilates Instructor
ryanjackson49,CrossFit Coach
amandawright68,Nutritionist
gregorythomas23,Physical Therapist
julieadams57,Massage Therapist
michaelscott12,Chiropractor
elizabethrogers37,Acupuncturist
davidmiller41,Herbalist